setups,samples/s-sum,Gb/s-sum,total time
run_sup_1_dgx,96333587.5,0.00963335875,TODO
run_sup_1_dgx-1_gpu,104542764.28571428,0.010454276428571429,TODO
run_sup_2_dgx,192160325.0,0.0192160325,TODO
run_sup_2_dgx-1_gpu,200177942.5,0.02001779425,TODO
run_sup_2_dgx-2_gpu,207689663.33333334,0.020768966333333333,TODO
run_sup_2_dgx-3_gpu,112039816.0,0.0112039816,TODO
run_sup_2_dgx-4_gpu,223331437.5,0.02233314375,TODO
